id_one,name_one,id_two,name_two
3,b'Thomas Jones',683,b'Thomas Jones'
25,b'Ann Anderson',336,b'Ann Anderson'
39,b'James Williams',1749,b'James Willis'
59,b'Steven Hurst',198,b'Steven Hunt'
61,b'Michael Davis',2197,b'Michael Davis'
61,b'Michael Davis',2198,b'Michael Davis'
62,b'David Sanchez',1183,b'David Sanchez'
66,b'Ronald Kennedy',958,b'Ronald Kennedy'
81,b'Edward Williams',228,b'Edward Williams'
88,b'Jeffrey Hall',866,b'Jeffrey Hill'
117,b'Cindy Davis',2367,b'Wendy Davis'
117,b'Cindy Davis',2368,b'Wendy Davis'
143,b'Brianna Brown',224,b'Diana Brown'
143,b'Brianna Brown',1600,b'Joanna Brown'
146,b'Jennifer Moore',2185,b'Jennifer Morgan'
146,b'Jennifer Moore',2186,b'Jennifer Morgan'
146,b'Jennifer Moore',2425,b'Jennifer Moran'
146,b'Jennifer Moore',2426,b'Jennifer Moran'
153,b'Bryan Smith',803,b'Ryan Smith'
159,b'Jennifer Brown',1868,b'Jennifer Brooks'
159,b'Jennifer Brown',2407,b'Jennifer Brown'
159,b'Jennifer Brown',2408,b'Jennifer Brown'
160,b'Karen Johnson',318,b'Lauren Johnson'
167,b'Danielle Mitchell',1953,b'Danielle Miller'
178,b'Michael Burns',963,b'Michael Burgess'
186,b'Nathan Smith',436,b'Nathaniel Smith'
193,b'James Roberts',980,b'James Roberts'
198,b'Steven Hunt',59,b'Steven Hurst'
214,b'Kathryn Schroeder',1516,b'Kathryn Schroeder'
217,b'Jessica Davis',1579,b'Jessica Davis'
224,b'Diana Brown',143,b'Brianna Brown'
226,b'Daniel Miller',1757,b'Daniel Miller'
226,b'Daniel Miller',1953,b'Danielle Miller'
228,b'Edward Williams',81,b'Edward Williams'
229,b'Alex Martin',2179,b'Alex Martin'
229,b'Alex Martin',2180,b'Alex Martin'
230,b'Kristin Martin',1030,b'Justin Martin'
253,b'Alyssa Gregory',1928,b'Alyssa Gregory'
265,b'Elizabeth Martinez',2483,b'Elizabeth Martinez'
265,b'Elizabeth Martinez',2484,b'Elizabeth Martinez'
266,b'Joseph Hays',346,b'Joseph Hahn'
269,b'Joseph Rogers',382,b'Jose Rogers'
295,b'David Smith',988,b'David Smith'
295,b'David Smith',1505,b'David Smith'
295,b'David Smith',1815,b'David Smith'
308,b'Jennifer Marks',2127,b'Jennifer Martin'
308,b'Jennifer Marks',2128,b'Jennifer Martin'
313,b'Megan Johnson',615,b'Joan Johnson'
318,b'Lauren Johnson',160,b'Karen Johnson'
320,b'Tamara Gibson',1621,b'Kara Gibson'
332,b'Donald Parker',2667,b'Donald Parker'
332,b'Donald Parker',2668,b'Donald Parker'
335,b'Christian Gonzalez',1191,b'Brian Gonzalez'
336,b'Ann Anderson',25,b'Ann Anderson'
343,b'Brandon Moreno',1498,b'Brandon Moore'
346,b'Joseph Hahn',266,b'Joseph Hays'
382,b'Jose Rogers',269,b'Joseph Rogers'
382,b'Jose Rogers',591,b'Rose Rogers'
382,b'Jose Rogers',673,b'Rose Rogers'
395,b'Peter Calhoun',2415,b'Peter Calhoun'
395,b'Peter Calhoun',2416,b'Peter Calhoun'
436,b'Nathaniel Smith',186,b'Nathan Smith'
439,b'Brandi Lee',1377,b'Brandi Lee'
464,b'Theresa Perkins',902,b'Theresa Perkins'
465,b'Christopher Moore',2273,b'Christopher Moss'
465,b'Christopher Moore',2274,b'Christopher Moss'
493,b'Brian Carney',1535,b'Brian Carr'
497,b'Bryan Jones',1194,b'Bryan Jones'
510,b'Stephanie Palmer',2579,b'Stephanie Pace'
510,b'Stephanie Palmer',2580,b'Stephanie Pace'
530,b'Christopher Martinez',681,b'Christopher Martin'
541,b'Kristopher Hampton',1373,b'Christopher Hampton'
560,b'Jennifer Hanson',1849,b'Jennifer Hansen'
583,b'Joseph Thomas',2671,b'Joseph Thompson'
583,b'Joseph Thomas',2672,b'Joseph Thompson'
584,b'Leslie Thompson',2343,b'Leslie Thompson'
584,b'Leslie Thompson',2344,b'Leslie Thompson'
590,b'Kaylee Marshall',1559,b'Kyle Marshall'
591,b'Rose Rogers',382,b'Jose Rogers'
591,b'Rose Rogers',673,b'Rose Rogers'
595,b'Stephen Chung',846,b'Stephen Chen'
596,b'Karen Herrera',1913,b'Karen Herrera'
599,b'Christopher Chang',2848,b'Christopher Cox'
615,b'Joan Johnson',313,b'Megan Johnson'
617,b'James Richardson',884,b'James Richards'
618,b'Kaitlin Nguyen',2077,b'Caitlin Nguyen'
618,b'Kaitlin Nguyen',2078,b'Caitlin Nguyen'
623,b'Steven Thompson',1691,b'Steven Thomas'
663,b'Kelly Smith',1706,b'Kelly Smith'
673,b'Rose Rogers',382,b'Jose Rogers'
673,b'Rose Rogers',591,b'Rose Rogers'
677,b'Michelle Holmes',2973,b'Michelle Holden'
677,b'Michelle Holmes',2974,b'Michelle Holden'
681,b'Christopher Martin',530,b'Christopher Martinez'
683,b'Thomas Jones',3,b'Thomas Jones'
695,b'Dylan Holmes',2609,b'Dylan Ho'
695,b'Dylan Holmes',2610,b'Dylan Ho'
698,b'Jennifer Miller',909,b'Jennifer Mueller'
716,b'Brenda Gilbert',771,b'Linda Gilbert'
767,b'Mary Anderson',2266,b'Mark Anderson'
771,b'Linda Gilbert',716,b'Brenda Gilbert'
800,b'Mary Brown',989,b'Mary Brown'
803,b'Ryan Smith',153,b'Bryan Smith'
806,b'Sarah Castillo',1026,b'Leah Castillo'
816,b'Gina Williams',1557,b'Tina Williams'
841,b'Lisa Brown',1002,b'Lisa Brown'
844,b'Katherine Patel',1539,b'Katherine Patel'
846,b'Stephen Chen',595,b'Stephen Chung'
854,b'Benjamin Nelson',861,b'Benjamin Neal'
861,b'Benjamin Neal',854,b'Benjamin Nelson'
866,b'Jeffrey Hill',88,b'Jeffrey Hall'
876,b'Mark Williams',1164,b'Maria Williams'
876,b'Mark Williams',1980,b'Mark Williams'
876,b'Mark Williams',2629,b'Mark Williamson'
876,b'Mark Williams',2630,b'Mark Williamson'
884,b'James Richards',617,b'James Richardson'
889,b'Daniel Harrison',1873,b'Danielle Harrison'
902,b'Theresa Perkins',464,b'Theresa Perkins'
909,b'Jennifer Mueller',698,b'Jennifer Miller'
922,b'Jennifer Robinson',1084,b'Jennifer Robinson'
950,b'Christopher Barnes',1389,b'Christopher Baker'
958,b'Ronald Kennedy',66,b'Ronald Kennedy'
963,b'Michael Burgess',178,b'Michael Burns'
980,b'James Roberts',193,b'James Roberts'
988,b'David Smith',295,b'David Smith'
988,b'David Smith',1505,b'David Smith'
988,b'David Smith',1815,b'David Smith'
989,b'Mary Brown',800,b'Mary Brown'
996,b'Matthew Howard',2889,b'Matthew Howard'
996,b'Matthew Howard',2890,b'Matthew Howard'
1002,b'Lisa Brown',841,b'Lisa Brown'
1010,b'Christine Jacobs',2413,b'Christine Jackson'
1010,b'Christine Jacobs',2414,b'Christine Jackson'
1012,b'Joshua Fischer',1744,b'Joshua Fisher'
1024,b'Christopher Clark',2848,b'Christopher Cox'
1026,b'Leah Castillo',806,b'Sarah Castillo'
1029,b'Christine Moore',1858,b'Christine Morgan'
1030,b'Justin Martin',230,b'Kristin Martin'
1061,b'Michael Barr',1910,b'Michael Barton'
1073,b'Michael Soto',1689,b'Michael Soto'
1084,b'Jennifer Robinson',922,b'Jennifer Robinson'
1094,b'Larry Mills',2105,b'Larry Miller'
1094,b'Larry Mills',2106,b'Larry Miller'
1121,b'Michael Ward',1242,b'Michael Warner'
1146,b'Lisa Hernandez',1332,b'Lisa Hernandez'
1157,b'Christopher Johnson',1924,b'Christopher Johnson'
1157,b'Christopher Johnson',2989,b'Gregory and Christopher Johnson'
1157,b'Christopher Johnson',2990,b'Gregory and Christopher Johnson'
1164,b'Maria Williams',876,b'Mark Williams'
1164,b'Maria Williams',1980,b'Mark Williams'
1173,b'Gina Alexander',1678,b'Lisa Alexander'
1179,b'Kimberly Martinez',1732,b'Kimberly Martin'
1183,b'David Sanchez',62,b'David Sanchez'
1186,b'William Garcia',2811,b'William Garcia'
1186,b'William Garcia',2812,b'William Garcia'
1191,b'Brian Gonzalez',335,b'Christian Gonzalez'
1194,b'Bryan Jones',497,b'Bryan Jones'
1200,b'Catherine Henderson',2383,b'Heather Henderson'
1200,b'Catherine Henderson',2384,b'Heather Henderson'
1242,b'Michael Warner',1121,b'Michael Ward'
1242,b'Michael Warner',1537,b'Michael Wagner'
1243,b'Deanna White',1428,b'Donna White'
1325,b'Joseph Wilson',1451,b'Joseph Wilson'
1328,b'Jonathan Gross',2471,b'Jonathan Ross'
1328,b'Jonathan Gross',2472,b'Jonathan Ross'
1332,b'Lisa Hernandez',1146,b'Lisa Hernandez'
1373,b'Christopher Hampton',541,b'Kristopher Hampton'
1377,b'Brandi Lee',439,b'Brandi Lee'
1389,b'Christopher Baker',950,b'Christopher Barnes'
1397,b'James Smith',1714,b'James Smith'
1425,b'Michael Luna',1599,b'Michael Lucas'
1428,b'Donna White',1243,b'Deanna White'
1441,b'Lisa Vazquez',1960,b'Lisa Vazquez'
1447,b'Jessica Phillips',1730,b'Jessica Phillips'
1451,b'Joseph Wilson',1325,b'Joseph Wilson'
1454,b'Shelly Bryan',1532,b'Kelly Bryant'
1456,b'David Jones',2441,b'David Jones'
1456,b'David Jones',2442,b'David Jones'
1484,b'Mark Martinez',2187,b'Mark Martinez'
1484,b'Mark Martinez',2188,b'Mark Martinez'
1498,b'Brandon Moore',343,b'Brandon Moreno'
1505,b'David Smith',295,b'David Smith'
1505,b'David Smith',988,b'David Smith'
1505,b'David Smith',1815,b'David Smith'
1516,b'Kathryn Schroeder',214,b'Kathryn Schroeder'
1532,b'Kelly Bryant',1454,b'Shelly Bryan'
1535,b'Brian Carr',493,b'Brian Carney'
1537,b'Michael Wagner',1242,b'Michael Warner'
1539,b'Katherine Patel',844,b'Katherine Patel'
1557,b'Tina Williams',816,b'Gina Williams'
1559,b'Kyle Marshall',590,b'Kaylee Marshall'
1559,b'Kyle Marshall',1763,b'Tyler Marshall'
1563,b'Eric Parker',2647,b'Eric Parker'
1563,b'Eric Parker',2648,b'Eric Parker'
1565,b'Matthew Brown',2501,b'Matthew Brown'
1565,b'Matthew Brown',2502,b'Matthew Brown'
1572,b'David Garcia',2591,b'David Garcia'
1572,b'David Garcia',2592,b'David Garcia'
1577,b'Amy Hernandez',1742,b'Amy Hernandez'
1577,b'Amy Hernandez',2669,b'Tammy Hernandez'
1577,b'Amy Hernandez',2670,b'Tammy Hernandez'
1579,b'Jessica Davis',217,b'Jessica Davis'
1580,b'David Cook',1845,b'David Cook'
1599,b'Michael Lucas',1425,b'Michael Luna'
1600,b'Joanna Brown',143,b'Brianna Brown'
1617,b'Jose Mcdonald',1724,b'Joseph Mcdonald'
1621,b'Kara Gibson',320,b'Tamara Gibson'
1641,b'Sarah Hamilton',2723,b'Sarah Hamilton'
1641,b'Sarah Hamilton',2724,b'Sarah Hamilton'
1678,b'Lisa Alexander',1173,b'Gina Alexander'
1689,b'Michael Soto',1073,b'Michael Soto'
1691,b'Steven Thomas',623,b'Steven Thompson'
1706,b'Kelly Smith',663,b'Kelly Smith'
1714,b'James Smith',1397,b'James Smith'
1721,b'Jennifer Brady',1956,b'Jennifer Branch'
1724,b'Joseph Mcdonald',1617,b'Jose Mcdonald'
1730,b'Jessica Phillips',1447,b'Jessica Phillips'
1732,b'Kimberly Martin',1179,b'Kimberly Martinez'
1742,b'Amy Hernandez',1577,b'Amy Hernandez'
1742,b'Amy Hernandez',2669,b'Tammy Hernandez'
1742,b'Amy Hernandez',2670,b'Tammy Hernandez'
1743,b'Danielle Hart',1873,b'Danielle Harrison'
1744,b'Joshua Fisher',1012,b'Joshua Fischer'
1749,b'James Willis',39,b'James Williams'
1757,b'Daniel Miller',226,b'Daniel Miller'
1757,b'Daniel Miller',1953,b'Danielle Miller'
1763,b'Tyler Marshall',1559,b'Kyle Marshall'
1805,b'Deanna Rodriguez',2331,b'Diana Rodriguez'
1805,b'Deanna Rodriguez',2332,b'Diana Rodriguez'
1815,b'David Smith',295,b'David Smith'
1815,b'David Smith',988,b'David Smith'
1815,b'David Smith',1505,b'David Smith'
1845,b'David Cook',1580,b'David Cook'
1849,b'Jennifer Hansen',560,b'Jennifer Hanson'
1858,b'Christine Morgan',1029,b'Christine Moore'
1868,b'Jennifer Brooks',159,b'Jennifer Brown'
1868,b'Jennifer Brooks',2407,b'Jennifer Brown'
1868,b'Jennifer Brooks',2408,b'Jennifer Brown'
1871,b'Sean Rodriguez',2289,b'Ann Rodriguez'
1871,b'Sean Rodriguez',2290,b'Ann Rodriguez'
1873,b'Danielle Harrison',889,b'Daniel Harrison'
1873,b'Danielle Harrison',1743,b'Danielle Hart'
1910,b'Michael Barton',1061,b'Michael Barr'
1913,b'Karen Herrera',596,b'Karen Herrera'
1924,b'Christopher Johnson',1157,b'Christopher Johnson'
1924,b'Christopher Johnson',2989,b'Gregory and Christopher Johnson'
1924,b'Christopher Johnson',2990,b'Gregory and Christopher Johnson'
1928,b'Alyssa Gregory',253,b'Alyssa Gregory'
1953,b'Danielle Miller',167,b'Danielle Mitchell'
1953,b'Danielle Miller',226,b'Daniel Miller'
1953,b'Danielle Miller',1757,b'Daniel Miller'
1956,b'Jennifer Branch',1721,b'Jennifer Brady'
1960,b'Lisa Vazquez',1441,b'Lisa Vazquez'
1980,b'Mark Williams',876,b'Mark Williams'
1980,b'Mark Williams',1164,b'Maria Williams'
1980,b'Mark Williams',2629,b'Mark Williamson'
1980,b'Mark Williams',2630,b'Mark Williamson'
2001,b'Nicole Valdez',2002,b'Nicole Valdez'
2002,b'Nicole Valdez',2001,b'Nicole Valdez'
2003,b'Scott Howell',2004,b'Scott Howell'
2004,b'Scott Howell',2003,b'Scott Howell'
2005,b'Sean Stevens',2006,b'Sean Stevens'
2006,b'Sean Stevens',2005,b'Sean Stevens'
2007,b'Robert and Christopher Mason',2008,b'Robert and Christopher Mason'
2008,b'Robert and Christopher Mason',2007,b'Robert and Christopher Mason'
2009,b'Scott and Christine Jones',2010,b'Christine and Scott Jones'
2010,b'Christine and Scott Jones',2009,b'Scott and Christine Jones'
2011,b'Alexis Sandoval',2012,b'Alexis Sandoval'
2012,b'Alexis Sandoval',2011,b'Alexis Sandoval'
2013,b'Robert and Jonathan Thornton',2014,b'Robert and Jonathan Thornton'
2014,b'Robert and Jonathan Thornton',2013,b'Robert and Jonathan Thornton'
2015,b'Theresa Brown',2016,b'Theresa Brown'
2016,b'Theresa Brown',2015,b'Theresa Brown'
2017,b'Amy Ortiz',2018,b'Amy Ortiz'
2018,b'Amy Ortiz',2017,b'Amy Ortiz'
2019,b'Alex Navarro',2020,b'Alex Navarro'
2020,b'Alex Navarro',2019,b'Alex Navarro'
2021,b'Kelly Gates',2022,b'Kelly Gates'
2022,b'Kelly Gates',2021,b'Kelly Gates'
2023,b'Grant Torres',2024,b'Grant Torres'
2024,b'Grant Torres',2023,b'Grant Torres'
2025,b'Cheryl and Jeremy Banks',2026,b'Cheryl and Jeremy Banks'
2026,b'Cheryl and Jeremy Banks',2025,b'Cheryl and Jeremy Banks'
2027,b'Donald Flynn',2028,b'Donald Flynn'
2028,b'Donald Flynn',2027,b'Donald Flynn'
2029,b'Kyle Jacobson',2030,b'Kyle Jacobson'
2030,b'Kyle Jacobson',2029,b'Kyle Jacobson'
2031,b'Tammy Allen',2032,b'Tammy Allen'
2032,b'Tammy Allen',2031,b'Tammy Allen'
2033,b'Robert Mullins',2034,b'Robert Mullins'
2034,b'Robert Mullins',2033,b'Robert Mullins'
2035,b'John and Matthew Martinez',2036,b'Matthew and John Martinez'
2036,b'Matthew and John Martinez',2035,b'John and Matthew Martinez'
2039,b'Emily and Elizabeth Koch',2040,b'Emily and Elizabeth Koch'
2040,b'Emily and Elizabeth Koch',2039,b'Emily and Elizabeth Koch'
2041,b'Danielle and Christie Gutierrez',2042,b'Danielle and Christie Gutierrez'
2042,b'Danielle and Christie Gutierrez',2041,b'Danielle and Christie Gutierrez'
2043,b'Caitlin Lewis',2044,b'Caitlin Lewis'
2044,b'Caitlin Lewis',2043,b'Caitlin Lewis'
2045,b'Nicholas Baker',2046,b'Nicholas Baker'
2046,b'Nicholas Baker',2045,b'Nicholas Baker'
2047,b'Melissa and Sara Roberts',2048,b'Melissa and Sara Roberts'
2048,b'Melissa and Sara Roberts',2047,b'Melissa and Sara Roberts'
2049,b'Kenneth Herrera',2050,b'Kenneth Herrera'
2050,b'Kenneth Herrera',2049,b'Kenneth Herrera'
2051,b'Thomas Banks',2052,b'Thomas Banks'
2052,b'Thomas Banks',2051,b'Thomas Banks'
2053,b'David Hudson',2054,b'David Hudson'
2054,b'David Hudson',2053,b'David Hudson'
2055,b'Chelsey Little',2056,b'Chelsey Little'
2056,b'Chelsey Little',2055,b'Chelsey Little'
2057,b'beghan Garcia',2058,b'Meghan Garcia'
2058,b'Meghan Garcia',2057,b'beghan Garcia'
2059,b'Michael Anderson',2060,b'Michael Anderson'
2060,b'Michael Anderson',2059,b'Michael Anderson'
2061,b'Melissa and Denise Smith',2062,b'Melissa and Denise Smith'
2062,b'Melissa and Denise Smith',2061,b'Melissa and Denise Smith'
2063,b'Nathaniel Wise',2064,b'Nathaniel Wise'
2064,b'Nathaniel Wise',2063,b'Nathaniel Wise'
2065,b'Tifwany Alexander',2066,b'Tiffany Alexander'
2066,b'Tiffany Alexander',2065,b'Tifwany Alexander'
2067,b'Ashley Harris',2068,b'Ashley Harris'
2068,b'Ashley Harris',2067,b'Ashley Harris'
2069,b'fourtney Robinson',2070,b'Courtney Robinson'
2070,b'Courtney Robinson',2069,b'fourtney Robinson'
2071,b'Todd Mack',2072,b'Todd Mack'
2072,b'Todd Mack',2071,b'Todd Mack'
2073,b'Eric Thompson',2074,b'Eric Thompson'
2074,b'Eric Thompson',2073,b'Eric Thompson'
2075,b'Audrey Taylor',2076,b'Audrey Taylor'
2076,b'Audrey Taylor',2075,b'Audrey Taylor'
2077,b'Caitlin Nguyen',618,b'Kaitlin Nguyen'
2077,b'Caitlin Nguyen',2078,b'Caitlin Nguyen'
2078,b'Caitlin Nguyen',618,b'Kaitlin Nguyen'
2078,b'Caitlin Nguyen',2077,b'Caitlin Nguyen'
2079,b'Theresa Mendoza',2080,b'Theresa Mendoza'
2080,b'Theresa Mendoza',2079,b'Theresa Mendoza'
2081,b'Aaron Cooper',2082,b'Aaron Cooper'
2082,b'Aaron Cooper',2081,b'Aaron Cooper'
2083,b'Jose and Tim Ayers',2084,b'Tim and Jose Ayers'
2084,b'Tim and Jose Ayers',2083,b'Jose and Tim Ayers'
2085,b'Michael Poloe',2086,b'Michael Poole'
2086,b'Michael Poole',2085,b'Michael Poloe'
2087,b'Marcus Haney',2088,b'Marcus Haney'
2088,b'Marcus Haney',2087,b'Marcus Haney'
2089,b'Brandon Boyle',2090,b'Brandon Boyle'
2090,b'Brandon Boyle',2089,b'Brandon Boyle'
2091,b'Amy and Brendan Rivera',2092,b'Amy and Brendan Rivera'
2092,b'Amy and Brendan Rivera',2091,b'Amy and Brendan Rivera'
2093,b'Terri Compton',2094,b'Terri Compton'
2094,b'Terri Compton',2093,b'Terri Compton'
2095,b'Teresa and Heather Dixon',2096,b'Teresa and Heather Dixon'
2096,b'Teresa and Heather Dixon',2095,b'Teresa and Heather Dixon'
2097,b'William and James Contreras',2098,b'William and James Contreras'
2098,b'William and James Contreras',2097,b'William and James Contreras'
2099,b'Andrew Mcdaniel',2100,b'Andrew Mcdaniel'
2100,b'Andrew Mcdaniel',2099,b'Andrew Mcdaniel'
2101,b'Beth and Manuel Silva',2102,b'Beth and Manuel Silva'
2102,b'Beth and Manuel Silva',2101,b'Beth and Manuel Silva'
2103,b'Cheryl Strickland',2104,b'Cheryl Strickland'
2104,b'Cheryl Strickland',2103,b'Cheryl Strickland'
2105,b'Larry Miller',1094,b'Larry Mills'
2105,b'Larry Miller',2106,b'Larry Miller'
2106,b'Larry Miller',1094,b'Larry Mills'
2106,b'Larry Miller',2105,b'Larry Miller'
2107,b'Jennifer Parker',2108,b'Jennifer Parker'
2108,b'Jennifer Parker',2107,b'Jennifer Parker'
2109,b'Rebecca Hall',2110,b'Rebecca Hall'
2110,b'Rebecca Hall',2109,b'Rebecca Hall'
2111,b'Thomas Webster',2112,b'Thomas Webster'
2112,b'Thomas Webster',2111,b'Thomas Webster'
2113,b'Christina and George Porter',2114,b'Christina and George Porter'
2114,b'Christina and George Porter',2113,b'Christina and George Porter'
2115,b'Randy Haley',2116,b'Randy Haley'
2116,b'Randy Haley',2115,b'Randy Haley'
2117,b'Joseph Wolf',2118,b'Joseph Wolf'
2118,b'Joseph Wolf',2117,b'Joseph Wolf'
2119,b'Douglas Carter',2120,b'Douglas Carter'
2120,b'Douglas Carter',2119,b'Douglas Carter'
2121,b'Charles Daniels',2122,b'Charles Daniels'
2122,b'Charles Daniels',2121,b'Charles Daniels'
2123,b'David Gonzalez',2124,b'David Gonzalez'
2124,b'David Gonzalez',2123,b'David Gonzalez'
2125,b'Erica Boyd',2126,b'Erica Boyd'
2126,b'Erica Boyd',2125,b'Erica Boyd'
2127,b'Jennifer Martin',308,b'Jennifer Marks'
2127,b'Jennifer Martin',2128,b'Jennifer Martin'
2128,b'Jennifer Martin',308,b'Jennifer Marks'
2128,b'Jennifer Martin',2127,b'Jennifer Martin'
2129,b'Philip Schneider',2130,b'Philip Schneider'
2130,b'Philip Schneider',2129,b'Philip Schneider'
2131,b'Roger and Timothy Houston',2132,b'Roger and Timothy Houston'
2132,b'Roger and Timothy Houston',2131,b'Roger and Timothy Houston'
2133,b'Charles Smith',2134,b'Charles Smith'
2134,b'Charles Smith',2133,b'Charles Smith'
2135,b'Jeff Morrow',2136,b'Jeff Morrow'
2136,b'Jeff Morrow',2135,b'Jeff Morrow'
2137,b'Sherri Adams',2138,b'Sherri Adams'
2138,b'Sherri Adams',2137,b'Sherri Adams'
2139,b'Lisa Blankenship',2140,b'Lisa Blankenship'
2140,b'Lisa Blankenship',2139,b'Lisa Blankenship'
2141,b'Joseph Meyer',2142,b'Joseph Meyer'
2142,b'Joseph Meyer',2141,b'Joseph Meyer'
2143,b'Mark Pierce',2144,b'Mark Pierce'
2144,b'Mark Pierce',2143,b'Mark Pierce'
2145,b'Bonnie Oliver',2146,b'Bonnie Oliver'
2146,b'Bonnie Oliver',2145,b'Bonnie Oliver'
2147,b'Dawn Ferrell',2148,b'Dawn Ferrell'
2148,b'Dawn Ferrell',2147,b'Dawn Ferrell'
2149,b'Kelly and Jonathan Walker',2150,b'Kelly and Jonathan Walker'
2150,b'Kelly and Jonathan Walker',2149,b'Kelly and Jonathan Walker'
2151,b'Darrell Trevino',2152,b'Darrell Trevino'
2152,b'Darrell Trevino',2151,b'Darrell Trevino'
2155,b'Jonathan and Bruce Anderson',2156,b'Jonathan and Bruce Anderson'
2156,b'Jonathan and Bruce Anderson',2155,b'Jonathan and Bruce Anderson'
2157,b'Robert and Donna Bishop',2158,b'Robert and Donna Bishop'
2158,b'Robert and Donna Bishop',2157,b'Robert and Donna Bishop'
2159,b'Sierra Hernandez',2160,b'Sierra Hernandez'
2160,b'Sierra Hernandez',2159,b'Sierra Hernandez'
2161,b'James Marshall',2162,b'James Marshall'
2162,b'James Marshall',2161,b'James Marshall'
2163,b'Mark King',2164,b'Mark King'
2164,b'Mark King',2163,b'Mark King'
2165,b'Jeffrey Jones',2166,b'Jeffrey Jones'
2166,b'Jeffrey Jones',2165,b'Jeffrey Jones'
2167,b'Richard Patterson',2168,b'Richard Patterson'
2168,b'Richard Patterson',2167,b'Richard Patterson'
2169,b'Megan Russell',2170,b'Megan Russell'
2170,b'Megan Russell',2169,b'Megan Russell'
2171,b'Anthony and Kevin Cook',2172,b'Kevin and Anthony Cook'
2172,b'Kevin and Anthony Cook',2171,b'Anthony and Kevin Cook'
2173,b'Alfred Gordon',2174,b'Alfred Gordon'
2174,b'Alfred Gordon',2173,b'Alfred Gordon'
2175,b'Daniel Chavez',2176,b'Daniel Chavez'
2176,b'Daniel Chavez',2175,b'Daniel Chavez'
2177,b'Brian Stanton',2178,b'Brian Stanton'
2178,b'Brian Stanton',2177,b'Brian Stanton'
2179,b'Alex Martin',229,b'Alex Martin'
2179,b'Alex Martin',2180,b'Alex Martin'
2180,b'Alex Martin',229,b'Alex Martin'
2180,b'Alex Martin',2179,b'Alex Martin'
2181,b'Paul Marshall',2182,b'Paul Marshall'
2182,b'Paul Marshall',2181,b'Paul Marshall'
2183,b'Mary and Pamela Allen',2184,b'Mary and Pamela Allen'
2184,b'Mary and Pamela Allen',2183,b'Mary and Pamela Allen'
2185,b'Jennifer Morgan',146,b'Jennifer Moore'
2185,b'Jennifer Morgan',2186,b'Jennifer Morgan'
2185,b'Jennifer Morgan',2425,b'Jennifer Moran'
2185,b'Jennifer Morgan',2426,b'Jennifer Moran'
2186,b'Jennifer Morgan',146,b'Jennifer Moore'
2186,b'Jennifer Morgan',2185,b'Jennifer Morgan'
2186,b'Jennifer Morgan',2425,b'Jennifer Moran'
2186,b'Jennifer Morgan',2426,b'Jennifer Moran'
2187,b'Mark Martinez',1484,b'Mark Martinez'
2187,b'Mark Martinez',2188,b'Mark Martinez'
2188,b'Mark Martinez',1484,b'Mark Martinez'
2188,b'Mark Martinez',2187,b'Mark Martinez'
2189,b'Brandon Mccarthy',2190,b'Brandon Mccarthy'
2190,b'Brandon Mccarthy',2189,b'Brandon Mccarthy'
2191,b'Vincent and Heather Jones',2192,b'Vincent and Heather Jones'
2192,b'Vincent and Heather Jones',2191,b'Vincent and Heather Jones'
2193,b'Tamara and Amber Brown',2194,b'Amber and Tamara Brown'
2194,b'Amber and Tamara Brown',2193,b'Tamara and Amber Brown'
2195,b'Carol Duran',2196,b'Carol Duran'
2196,b'Carol Duran',2195,b'Carol Duran'
2197,b'Michael Davis',61,b'Michael Davis'
2197,b'Michael Davis',2198,b'Michael Davis'
2198,b'Michael Davis',61,b'Michael Davis'
2198,b'Michael Davis',2197,b'Michael Davis'
2199,b'Leonard Mclean',2200,b'Leonard Mclean'
2200,b'Leonard Mclean',2199,b'Leonard Mclean'
2201,b'Michelle Aguirre',2202,b'Michelle Aguirre'
2202,b'Michelle Aguirre',2201,b'Michelle Aguirre'
2203,b'James Dunlap',2204,b'James Dunlap'
2204,b'James Dunlap',2203,b'James Dunlap'
2205,b'Meredith Stone',2206,b'Meredith Stone'
2206,b'Meredith Stone',2205,b'Meredith Stone'
2207,b'Briana Young',2208,b'Briana Young'
2207,b'Briana Young',2763,b'Brian Young'
2207,b'Briana Young',2764,b'Brian Young'
2208,b'Briana Young',2207,b'Briana Young'
2208,b'Briana Young',2763,b'Brian Young'
2208,b'Briana Young',2764,b'Brian Young'
2209,b'Christopher Ellis',2210,b'Christopher Ellis'
2210,b'Christopher Ellis',2209,b'Christopher Ellis'
2211,b'Jennifer and Traci Marshall',2212,b'Traci and Jennifer Marshall'
2212,b'Traci and Jennifer Marshall',2211,b'Jennifer and Traci Marshall'
2213,b'Jennifer Parsons',2214,b'Jennifer Parsons'
2214,b'Jennifer Parsons',2213,b'Jennifer Parsons'
2215,b'Shawn and Susan Brown',2216,b'Shawn and Susan Brown'
2216,b'Shawn and Susan Brown',2215,b'Shawn and Susan Brown'
2217,b'Kyle Mejia',2218,b'Kyle Mejia'
2218,b'Kyle Mejia',2217,b'Kyle Mejia'
2219,b'Kenneth Garcia',2220,b'Kenneth Garcia'
2220,b'Kenneth Garcia',2219,b'Kenneth Garcia'
2221,b'Shaun and Brianna Ruiz',2222,b'Shaun and Brianna Ruiz'
2222,b'Shaun and Brianna Ruiz',2221,b'Shaun and Brianna Ruiz'
2223,b'Charles Baldwin',2224,b'Charles Baldwin'
2224,b'Charles Baldwin',2223,b'Charles Baldwin'
2225,b'Norman Jones',2226,b'Norman Jones'
2226,b'Norman Jones',2225,b'Norman Jones'
2227,b'Jaclyn Sanchez',2228,b'Jaclyn Sanchez'
2228,b'Jaclyn Sanchez',2227,b'Jaclyn Sanchez'
2229,b'Derrick Welch',2230,b'Derrick Welch'
2230,b'Derrick Welch',2229,b'Derrick Welch'
2231,b'Emily Mccormick',2232,b'Emily Mccormick'
2232,b'Emily Mccormick',2231,b'Emily Mccormick'
2233,b'Micheal and Hannah Holt',2234,b'Micheal and Hannah Holt'
2234,b'Micheal and Hannah Holt',2233,b'Micheal and Hannah Holt'
2237,b'Kevin Hunter',2238,b'Kevin Hunter'
2238,b'Kevin Hunter',2237,b'Kevin Hunter'
2239,b'Monica and Derek Greer',2240,b'Monica and Derek Greer'
2240,b'Monica and Derek Greer',2239,b'Monica and Derek Greer'
2241,b'Felicia Carter',2242,b'Felicia Carter'
2242,b'Felicia Carter',2241,b'Felicia Carter'
2243,b'Russell and Jerry Perry',2244,b'Jerry and Russell Perry'
2244,b'Jerry and Russell Perry',2243,b'Russell and Jerry Perry'
2245,b'Jeanette Ballard',2246,b'Jeanette Ballard'
2246,b'Jeanette Ballard',2245,b'Jeanette Ballard'
2247,b'Elizabeth and Sarah Cooley',2248,b'Elizabeth and Sarah Cooley'
2248,b'Elizabeth and Sarah Cooley',2247,b'Elizabeth and Sarah Cooley'
2249,b'Emily Mckinney',2250,b'Emily Mckinney'
2250,b'Emily Mckinney',2249,b'Emily Mckinney'
2251,b'Shari Wolf',2252,b'Shari Wolf'
2252,b'Shari Wolf',2251,b'Shari Wolf'
2253,b'Austin Jenkins',2254,b'Austin Jenkins'
2254,b'Austin Jenkins',2253,b'Austin Jenkins'
2255,b'Charles Dominguez',2256,b'Charles Dominguez'
2256,b'Charles Dominguez',2255,b'Charles Dominguez'
2257,b'Michael Wilkins',2258,b'Michael Wilkins'
2258,b'Michael Wilkins',2257,b'Michael Wilkins'
2259,b'Joe Myers',2260,b'Joe Myers'
2260,b'Joe Myers',2259,b'Joe Myers'
2261,b'Melissa and Samantha Ellison',2262,b'Melissa and Samantha Ellison'
2262,b'Melissa and Samantha Ellison',2261,b'Melissa and Samantha Ellison'
2263,b'Sheila Callahan',2264,b'Sheila Callahan'
2264,b'Sheila Callahan',2263,b'Sheila Callahan'
2266,b'Mark Anderson',767,b'Mary Anderson'
2267,b'Brian Jones',2268,b'Brian Jones'
2268,b'Brian Jones',2267,b'Brian Jones'
2269,b'Jose Jones',2270,b'Jose Jones'
2270,b'Jose Jones',2269,b'Jose Jones'
2271,b'Chad Collins',2272,b'Chad Collins'
2272,b'Chad Collins',2271,b'Chad Collins'
2273,b'Christopher Moss',465,b'Christopher Moore'
2273,b'Christopher Moss',2274,b'Christopher Moss'
2274,b'Christopher Moss',465,b'Christopher Moore'
2274,b'Christopher Moss',2273,b'Christopher Moss'
2275,b'Brandy and Kayla Grant',2276,b'Kayla and Brandy Grant'
2276,b'Kayla and Brandy Grant',2275,b'Brandy and Kayla Grant'
2277,b'Emily Holder',2278,b'Emily Holder'
2278,b'Emily Holder',2277,b'Emily Holder'
2279,b'Chad Adams',2280,b'Chad Adams'
2280,b'Chad Adams',2279,b'Chad Adams'
2281,b'Jenna Martinez',2282,b'Jenna Martinez'
2282,b'Jenna Martinez',2281,b'Jenna Martinez'
2283,b'Ryan and Michelle Robinson',2284,b'Ryan and Michelle Robinson'
2284,b'Ryan and Michelle Robinson',2283,b'Ryan and Michelle Robinson'
2285,b'Michael and David Wise',2286,b'Michael and David Wise'
2286,b'Michael and David Wise',2285,b'Michael and David Wise'
2287,b'Lance and Elizabeth Williams',2288,b'Lance and Elizabeth Williams'
2288,b'Lance and Elizabeth Williams',2287,b'Lance and Elizabeth Williams'
2289,b'Ann Rodriguez',1871,b'Sean Rodriguez'
2289,b'Ann Rodriguez',2290,b'Ann Rodriguez'
2290,b'Ann Rodriguez',1871,b'Sean Rodriguez'
2290,b'Ann Rodriguez',2289,b'Ann Rodriguez'
2291,b'Jeffrey Johnson',2292,b'Jeffrey Johnson'
2292,b'Jeffrey Johnson',2291,b'Jeffrey Johnson'
2293,b'Tanya and Joshua Weaver',2294,b'Tanya and Joshua Weaver'
2294,b'Tanya and Joshua Weaver',2293,b'Tanya and Joshua Weaver'
2295,b'Manuel Ray',2296,b'Manuel Ray'
2296,b'Manuel Ray',2295,b'Manuel Ray'
2297,b'Andrea Roy',2298,b'Andrea Roy'
2298,b'Andrea Roy',2297,b'Andrea Roy'
2299,b'Luis Davis',2300,b'Luis Davis'
2300,b'Luis Davis',2299,b'Luis Davis'
2301,b'Dale Johnson',2302,b'Dale Johnson'
2302,b'Dale Johnson',2301,b'Dale Johnson'
2303,b'Evan Cooke',2304,b'Evan Cooke'
2304,b'Evan Cooke',2303,b'Evan Cooke'
2305,b'Bonnie Hebert',2306,b'Bonnie Hebert'
2306,b'Bonnie Hebert',2305,b'Bonnie Hebert'
2307,b'Thomas Case',2308,b'Thomas Case'
2308,b'Thomas Case',2307,b'Thomas Case'
2309,b'Jocelyn Garcia',2310,b'Jocelyn Garcia'
2310,b'Jocelyn Garcia',2309,b'Jocelyn Garcia'
2311,b'Carly Kelly',2312,b'Carly Kelly'
2312,b'Carly Kelly',2311,b'Carly Kelly'
2313,b'Carrie Smith',2314,b'Carrie Smith'
2314,b'Carrie Smith',2313,b'Carrie Smith'
2315,b'Thomas and Roy Gray',2316,b'Thomas and Roy Gray'
2316,b'Thomas and Roy Gray',2315,b'Thomas and Roy Gray'
2317,b'Jason Key',2318,b'Jason Key'
2318,b'Jason Key',2317,b'Jason Key'
2319,b'Michele and Preston Hayes',2320,b'Michele and Preston Hayes'
2320,b'Michele and Preston Hayes',2319,b'Michele and Preston Hayes'
2321,b'Anthony Sanchez',2322,b'Anthony Sanchez'
2322,b'Anthony Sanchez',2321,b'Anthony Sanchez'
2323,b'Ruben and Glenn Lloyd',2324,b'Ruben and Glenn Lloyd'
2324,b'Ruben and Glenn Lloyd',2323,b'Ruben and Glenn Lloyd'
2325,b'Eric Vaughn',2326,b'Eric Vaughn'
2326,b'Eric Vaughn',2325,b'Eric Vaughn'
2327,b'Karen Owens',2328,b'Karen Owens'
2328,b'Karen Owens',2327,b'Karen Owens'
2329,b'Sara Walsh',2330,b'Sara Walsh'
2330,b'Sara Walsh',2329,b'Sara Walsh'
2331,b'Diana Rodriguez',1805,b'Deanna Rodriguez'
2331,b'Diana Rodriguez',2332,b'Diana Rodriguez'
2332,b'Diana Rodriguez',1805,b'Deanna Rodriguez'
2332,b'Diana Rodriguez',2331,b'Diana Rodriguez'
2333,b'Mckenzie Brown',2334,b'Mckenzie Brown'
2334,b'Mckenzie Brown',2333,b'Mckenzie Brown'
2335,b'Malik Hayes',2336,b'Malik Hayes'
2336,b'Malik Hayes',2335,b'Malik Hayes'
2337,b'Thomas Williams',2338,b'Thomas Williams'
2338,b'Thomas Williams',2337,b'Thomas Williams'
2339,b'Dennis and Michael Phillips',2340,b'Dennis and Michael Phillips'
2340,b'Dennis and Michael Phillips',2339,b'Dennis and Michael Phillips'
2341,b'Shelly Simpson',2342,b'Shelly Simpson'
2342,b'Shelly Simpson',2341,b'Shelly Simpson'
2343,b'Leslie Thompson',584,b'Leslie Thompson'
2343,b'Leslie Thompson',2344,b'Leslie Thompson'
2344,b'Leslie Thompson',584,b'Leslie Thompson'
2344,b'Leslie Thompson',2343,b'Leslie Thompson'
2345,b'Jessica Reyes',2346,b'Jessica Reyes'
2346,b'Jessica Reyes',2345,b'Jessica Reyes'
2347,b'Emily Lopez',2348,b'Emily Lopez'
2348,b'Emily Lopez',2347,b'Emily Lopez'
2349,b'Kelly Whitehead',2350,b'Kelly Whitehead'
2350,b'Kelly Whitehead',2349,b'Kelly Whitehead'
2351,b'Megan and Samuel Williams',2352,b'Megan and Samuel Williams'
2352,b'Megan and Samuel Williams',2351,b'Megan and Samuel Williams'
2353,b'Laurie Hernandez',2354,b'Laurie Hernandez'
2354,b'Laurie Hernandez',2353,b'Laurie Hernandez'
2357,b'Donna and Elizabeth Arnold',2358,b'Elizabeth and Donna Arnold'
2358,b'Elizabeth and Donna Arnold',2357,b'Donna and Elizabeth Arnold'
2359,b'Melissa Lee',2360,b'Melissa Lee'
2360,b'Melissa Lee',2359,b'Melissa Lee'
2361,b'Steven Foster',2362,b'Steven Foster'
2362,b'Steven Foster',2361,b'Steven Foster'
2363,b'Jeremy Ramirez',2364,b'Jeremy Ramirez'
2364,b'Jeremy Ramirez',2363,b'Jeremy Ramirez'
2365,b'Kiara Russell',2366,b'Kiara Russell'
2366,b'Kiara Russell',2365,b'Kiara Russell'
2367,b'Wendy Davis',117,b'Cindy Davis'
2367,b'Wendy Davis',2368,b'Wendy Davis'
2368,b'Wendy Davis',117,b'Cindy Davis'
2368,b'Wendy Davis',2367,b'Wendy Davis'
2369,b'Janet Winters',2370,b'Janet Winters'
2370,b'Janet Winters',2369,b'Janet Winters'
2371,b'Courtney Long',2372,b'Courtney Long'
2372,b'Courtney Long',2371,b'Courtney Long'
2373,b'Deborah Bailey',2374,b'Deborah Bailey'
2374,b'Deborah Bailey',2373,b'Deborah Bailey'
2375,b'Kimberly and Brooke Hoffman',2376,b'Kimberly and Brooke Hoffman'
2376,b'Kimberly and Brooke Hoffman',2375,b'Kimberly and Brooke Hoffman'
2377,b'Michael Rogers',2378,b'Michael Rogers'
2378,b'Michael Rogers',2377,b'Michael Rogers'
2379,b'Kelly and Emma Watson',2380,b'Kelly and Emma Watson'
2380,b'Kelly and Emma Watson',2379,b'Kelly and Emma Watson'
2381,b'Michelle Rios',2382,b'Michelle Rios'
2382,b'Michelle Rios',2381,b'Michelle Rios'
2383,b'Heather Henderson',1200,b'Catherine Henderson'
2383,b'Heather Henderson',2384,b'Heather Henderson'
2384,b'Heather Henderson',1200,b'Catherine Henderson'
2384,b'Heather Henderson',2383,b'Heather Henderson'
2385,b'Kevin Mckinney',2386,b'Kevin Mckinney'
2386,b'Kevin Mckinney',2385,b'Kevin Mckinney'
2387,b'Kimberly Travis',2388,b'Kimberly Travis'
2388,b'Kimberly Travis',2387,b'Kimberly Travis'
2389,b'Colleen and Katie Chapman',2390,b'Colleen and Katie Chapman'
2390,b'Colleen and Katie Chapman',2389,b'Colleen and Katie Chapman'
2391,b'Robert Richardson',2392,b'Robert Richardson'
2392,b'Robert Richardson',2391,b'Robert Richardson'
2393,b'Ann Nelson',2394,b'Ann Nelson'
2394,b'Ann Nelson',2393,b'Ann Nelson'
2395,b'James Oneal',2396,b'James Oneal'
2396,b'James Oneal',2395,b'James Oneal'
2397,b'Wayne Chase',2398,b'Wayne Chase'
2398,b'Wayne Chase',2397,b'Wayne Chase'
2399,b'Samuel and Taylor Zimmerman',2400,b'Taylor and Samuel Zimmerman'
2400,b'Taylor and Samuel Zimmerman',2399,b'Samuel and Taylor Zimmerman'
2401,b'Julia Wagner',2402,b'Julia Wagner'
2402,b'Julia Wagner',2401,b'Julia Wagner'
2403,b'Paula Pierce',2404,b'Paula Pierce'
2404,b'Paula Pierce',2403,b'Paula Pierce'
2405,b'Felicia Schmidt',2406,b'Felicia Schmidt'
2406,b'Felicia Schmidt',2405,b'Felicia Schmidt'
2407,b'Jennifer Brown',159,b'Jennifer Brown'
2407,b'Jennifer Brown',1868,b'Jennifer Brooks'
2407,b'Jennifer Brown',2408,b'Jennifer Brown'
2408,b'Jennifer Brown',159,b'Jennifer Brown'
2408,b'Jennifer Brown',1868,b'Jennifer Brooks'
2408,b'Jennifer Brown',2407,b'Jennifer Brown'
2409,b'Reginald Spencer',2410,b'Reginald Spencer'
2410,b'Reginald Spencer',2409,b'Reginald Spencer'
2411,b'Lauren and Norma Wilson',2412,b'Norma and Lauren Wilson'
2412,b'Norma and Lauren Wilson',2411,b'Lauren and Norma Wilson'
2413,b'Christine Jackson',1010,b'Christine Jacobs'
2413,b'Christine Jackson',2414,b'Christine Jackson'
2414,b'Christine Jackson',1010,b'Christine Jacobs'
2414,b'Christine Jackson',2413,b'Christine Jackson'
2415,b'Peter Calhoun',395,b'Peter Calhoun'
2415,b'Peter Calhoun',2416,b'Peter Calhoun'
2416,b'Peter Calhoun',395,b'Peter Calhoun'
2416,b'Peter Calhoun',2415,b'Peter Calhoun'
2417,b'Megan Butler',2418,b'Megan Butler'
2418,b'Megan Butler',2417,b'Megan Butler'
2419,b'Jodi Dunlap',2420,b'Jodi Dunlap'
2420,b'Jodi Dunlap',2419,b'Jodi Dunlap'
2421,b'Michael Fernandez',2422,b'Michael Fernandez'
2422,b'Michael Fernandez',2421,b'Michael Fernandez'
2423,b'William and Daniel Ford',2424,b'Daniel and William Ford'
2424,b'Daniel and William Ford',2423,b'William and Daniel Ford'
2425,b'Jennifer Moran',146,b'Jennifer Moore'
2425,b'Jennifer Moran',2185,b'Jennifer Morgan'
2425,b'Jennifer Moran',2186,b'Jennifer Morgan'
2425,b'Jennifer Moran',2426,b'Jennifer Moran'
2426,b'Jennifer Moran',146,b'Jennifer Moore'
2426,b'Jennifer Moran',2185,b'Jennifer Morgan'
2426,b'Jennifer Moran',2186,b'Jennifer Morgan'
2426,b'Jennifer Moran',2425,b'Jennifer Moran'
2427,b'Erin Sandoval',2428,b'Erin Sandoval'
2428,b'Erin Sandoval',2427,b'Erin Sandoval'
2429,b'Megan and Joseph Stewart',2430,b'Megan and Joseph Stewart'
2430,b'Megan and Joseph Stewart',2429,b'Megan and Joseph Stewart'
2431,b'Paul Simmons',2432,b'Paul Simmons'
2432,b'Paul Simmons',2431,b'Paul Simmons'
2433,b'Jeremy and Mark Daniel',2434,b'Jeremy and Mark Daniel'
2434,b'Jeremy and Mark Daniel',2433,b'Jeremy and Mark Daniel'
2435,b'Andrew Terrell',2436,b'Andrew Terrell'
2436,b'Andrew Terrell',2435,b'Andrew Terrell'
2437,b'Charles Johnson',2438,b'Charles Johnson'
2438,b'Charles Johnson',2437,b'Charles Johnson'
2439,b'Susan Mcclure',2440,b'Susan Mcclure'
2440,b'Susan Mcclure',2439,b'Susan Mcclure'
2441,b'David Jones',1456,b'David Jones'
2441,b'David Jones',2442,b'David Jones'
2442,b'David Jones',1456,b'David Jones'
2442,b'David Jones',2441,b'David Jones'
2443,b'Natalie Wilcox',2444,b'Natalie Wilcox'
2444,b'Natalie Wilcox',2443,b'Natalie Wilcox'
2445,b'Tabitha King',2446,b'Tabitha King'
2446,b'Tabitha King',2445,b'Tabitha King'
2447,b'Joshua and Lawrence Adams',2448,b'Joshua and Lawrence Adams'
2448,b'Joshua and Lawrence Adams',2447,b'Joshua and Lawrence Adams'
2449,b'Andrea tarnetB',2450,b'Andrea Barnett'
2450,b'Andrea Barnett',2449,b'Andrea tarnetB'
2451,b'Kristina Evans',2452,b'Kristina Evans'
2452,b'Kristina Evans',2451,b'Kristina Evans'
2453,b'Seth Brewer',2454,b'Seth Brewer'
2454,b'Seth Brewer',2453,b'Seth Brewer'
2455,b'Shawn Hanson',2456,b'Shawn Hanson'
2456,b'Shawn Hanson',2455,b'Shawn Hanson'
2457,b'Richard Higgins',2458,b'Richard Higgins'
2458,b'Richard Higgins',2457,b'Richard Higgins'
2459,b'Brian Solis',2460,b'Brian Solis'
2460,b'Brian Solis',2459,b'Brian Solis'
2461,b'Matthew Reyes',2462,b'Matthew Reyes'
2462,b'Matthew Reyes',2461,b'Matthew Reyes'
2463,b'Jenna Ball',2464,b'Jenna Ball'
2464,b'Jenna Ball',2463,b'Jenna Ball'
2465,b'Courtney Fischer',2466,b'Courtney Fischer'
2466,b'Courtney Fischer',2465,b'Courtney Fischer'
2467,b'Jpshua Robbins',2468,b'Joshua Robbins'
2468,b'Joshua Robbins',2467,b'Jpshua Robbins'
2469,b'Ashley Adams',2470,b'Ashley Adams'
2470,b'Ashley Adams',2469,b'Ashley Adams'
2471,b'Jonathan Ross',1328,b'Jonathan Gross'
2471,b'Jonathan Ross',2472,b'Jonathan Ross'
2472,b'Jonathan Ross',1328,b'Jonathan Gross'
2472,b'Jonathan Ross',2471,b'Jonathan Ross'
2473,b'Lisa Vance',2474,b'Lisa Vance'
2474,b'Lisa Vance',2473,b'Lisa Vance'
2475,b'Andrew and Kevin Brown',2476,b'Andrew and Kevin Brown'
2476,b'Andrew and Kevin Brown',2475,b'Andrew and Kevin Brown'
2477,b'Laurie Anderson',2478,b'Laurie Anderson'
2478,b'Laurie Anderson',2477,b'Laurie Anderson'
2479,b'Dominique and Alexandra Dixon',2480,b'Dominique and Alexandra Dixon'
2480,b'Dominique and Alexandra Dixon',2479,b'Dominique and Alexandra Dixon'
2481,b'Kevin Bush',2482,b'Kevin Bush'
2482,b'Kevin Bush',2481,b'Kevin Bush'
2483,b'Elizabeth Martinez',265,b'Elizabeth Martinez'
2483,b'Elizabeth Martinez',2484,b'Elizabeth Martinez'
2484,b'Elizabeth Martinez',265,b'Elizabeth Martinez'
2484,b'Elizabeth Martinez',2483,b'Elizabeth Martinez'
2485,b'Steven Greene',2486,b'Steven Greene'
2486,b'Steven Greene',2485,b'Steven Greene'
2487,b'Rebecca Jones',2488,b'Rebecca Jones'
2488,b'Rebecca Jones',2487,b'Rebecca Jones'
2489,b'Alexander Johnson',2490,b'Alexander Johnson'
2490,b'Alexander Johnson',2489,b'Alexander Johnson'
2491,b'Gregory Wood',2492,b'Gregory Wood'
2492,b'Gregory Wood',2491,b'Gregory Wood'
2493,b'Russell Miller',2494,b'Russell Miller'
2494,b'Russell Miller',2493,b'Russell Miller'
2495,b'Sonya Bernard',2496,b'Sonya Bernard'
2496,b'Sonya Bernard',2495,b'Sonya Bernard'
2497,b'John Jones',2498,b'John Jones'
2498,b'John Jones',2497,b'John Jones'
2499,b'Steven Lopez',2500,b'Steven Lopez'
2500,b'Steven Lopez',2499,b'Steven Lopez'
2501,b'Matthew Brown',1565,b'Matthew Brown'
2501,b'Matthew Brown',2502,b'Matthew Brown'
2502,b'Matthew Brown',1565,b'Matthew Brown'
2502,b'Matthew Brown',2501,b'Matthew Brown'
2503,b'Randall Hogan',2504,b'Randall Hogan'
2504,b'Randall Hogan',2503,b'Randall Hogan'
2505,b'Scott Brown',2506,b'Scott Brown'
2506,b'Scott Brown',2505,b'Scott Brown'
2507,b'Joshua Gamble',2508,b'Joshua Gamble'
2508,b'Joshua Gamble',2507,b'Joshua Gamble'
2509,b'Christopher Cunningham',2510,b'Christopher Cunningham'
2510,b'Christopher Cunningham',2509,b'Christopher Cunningham'
2511,b'Ryan Gomez',2512,b'Ryan Gomez'
2512,b'Ryan Gomez',2511,b'Ryan Gomez'
2513,b'Nicole Wood',2514,b'Nicole Wood'
2514,b'Nicole Wood',2513,b'Nicole Wood'
2515,b'Alexander Harmon',2516,b'Alexander Harmon'
2516,b'Alexander Harmon',2515,b'Alexander Harmon'
2517,b'Steven Cruz',2518,b'Steven Cruz'
2518,b'Steven Cruz',2517,b'Steven Cruz'
2519,b'Zachary and Sarah Greene',2520,b'Zachary and Sarah Greene'
2520,b'Zachary and Sarah Greene',2519,b'Zachary and Sarah Greene'
2521,b'Jonathan Jacobs',2522,b'Jonathan Jacobs'
2522,b'Jonathan Jacobs',2521,b'Jonathan Jacobs'
2523,b'Tammy Fernandez',2524,b'Tammy Fernandez'
2523,b'Tammy Fernandez',2669,b'Tammy Hernandez'
2523,b'Tammy Fernandez',2670,b'Tammy Hernandez'
2524,b'Tammy Fernandez',2523,b'Tammy Fernandez'
2524,b'Tammy Fernandez',2669,b'Tammy Hernandez'
2524,b'Tammy Fernandez',2670,b'Tammy Hernandez'
2525,b'yorey Gordon',2526,b'Corey Gordon'
2526,b'Corey Gordon',2525,b'yorey Gordon'
2527,b'Tiffany Dennis',2528,b'Tiffany Dennis'
2528,b'Tiffany Dennis',2527,b'Tiffany Dennis'
2529,b'Makayla and Ryan Wood',2530,b'Makayla and Ryan Wood'
2530,b'Makayla and Ryan Wood',2529,b'Makayla and Ryan Wood'
2531,b'Haley and Jared Shaffer',2532,b'Jared and Haley Shaffer'
2532,b'Jared and Haley Shaffer',2531,b'Haley and Jared Shaffer'
2533,b'Alicia Jones',2534,b'Alicia Jones'
2534,b'Alicia Jones',2533,b'Alicia Jones'
2535,b'James Fitzpatrick',2536,b'James Fitzpatrick'
2536,b'James Fitzpatrick',2535,b'James Fitzpatrick'
2537,b'Kayla and Nancy Cochran',2538,b'Kayla and Nancy Cochran'
2538,b'Kayla and Nancy Cochran',2537,b'Kayla and Nancy Cochran'
2539,b'Francisco Gonzalez',2540,b'Francisco Gonzalez'
2540,b'Francisco Gonzalez',2539,b'Francisco Gonzalez'
2541,b'Sarah Garza',2542,b'Sarah Garza'
2542,b'Sarah Garza',2541,b'Sarah Garza'
2543,b'Walter Tanner',2544,b'Walter Tanner'
2544,b'Walter Tanner',2543,b'Walter Tanner'
2545,b'Martha Austin',2546,b'Martha Austin'
2546,b'Martha Austin',2545,b'Martha Austin'
2547,b'Diana Leonard',2548,b'Diana Leonard'
2548,b'Diana Leonard',2547,b'Diana Leonard'
2549,b'Dakota Thompson',2550,b'Dakota Thompson'
2550,b'Dakota Thompson',2549,b'Dakota Thompson'
2551,b'Diane and Julie Nelson',2552,b'Diane and Julie Nelson'
2552,b'Diane and Julie Nelson',2551,b'Diane and Julie Nelson'
2553,b'Patricia and Ray Smith',2554,b'Patricia and Ray Smith'
2554,b'Patricia and Ray Smith',2553,b'Patricia and Ray Smith'
2555,b'Brian Herring',2556,b'Brian Herring'
2556,b'Brian Herring',2555,b'Brian Herring'
2557,b'Mivhael Jackson',2558,b'Michael Jackson'
2558,b'Michael Jackson',2557,b'Mivhael Jackson'
2559,b'Matthew and Kyle Montoya',2560,b'Matthew and Kyle Montoya'
2560,b'Matthew and Kyle Montoya',2559,b'Matthew and Kyle Montoya'
2561,b'Lisa and Lori Martinez',2562,b'Lori and Lisa Martinez'
2562,b'Lori and Lisa Martinez',2561,b'Lisa and Lori Martinez'
2563,b'Cody and Heidi Vaughan',2564,b'Cody and Heidi Vaughan'
2564,b'Cody and Heidi Vaughan',2563,b'Cody and Heidi Vaughan'
2565,b'Felicia Steele',2566,b'Felicia Steele'
2566,b'Felicia Steele',2565,b'Felicia Steele'
2567,b'Kayla Webb',2568,b'Kayla Webb'
2568,b'Kayla Webb',2567,b'Kayla Webb'
2569,b'Sarah Meyer',2570,b'Sarah Meyer'
2570,b'Sarah Meyer',2569,b'Sarah Meyer'
2571,b'Monica Cooper',2572,b'Monica Cooper'
2572,b'Monica Cooper',2571,b'Monica Cooper'
2573,b'Zachary Ponce',2574,b'Zachary Ponce'
2574,b'Zachary Ponce',2573,b'Zachary Ponce'
2575,b'Caleb Ortiz',2576,b'Caleb Ortiz'
2576,b'Caleb Ortiz',2575,b'Caleb Ortiz'
2577,b'David and Paige Washington',2578,b'David and Paige Washington'
2578,b'David and Paige Washington',2577,b'David and Paige Washington'
2579,b'Stephanie Pace',510,b'Stephanie Palmer'
2579,b'Stephanie Pace',2580,b'Stephanie Pace'
2580,b'Stephanie Pace',510,b'Stephanie Palmer'
2580,b'Stephanie Pace',2579,b'Stephanie Pace'
2581,b'Karen Richmond',2582,b'Karen Richmond'
2582,b'Karen Richmond',2581,b'Karen Richmond'
2583,b'Keith and Justin Hughes',2584,b'Justin and Keith Hughes'
2584,b'Justin and Keith Hughes',2583,b'Keith and Justin Hughes'
2585,b'Ryan Wright',2586,b'Ryan Wright'
2586,b'Ryan Wright',2585,b'Ryan Wright'
2587,b'Patrick Porter',2588,b'Patrick Porter'
2588,b'Patrick Porter',2587,b'Patrick Porter'
2589,b'Margaret Robinson',2590,b'Margaret Robinson'
2590,b'Margaret Robinson',2589,b'Margaret Robinson'
2591,b'David Garcia',1572,b'David Garcia'
2591,b'David Garcia',2592,b'David Garcia'
2592,b'David Garcia',1572,b'David Garcia'
2592,b'David Garcia',2591,b'David Garcia'
2593,b'Michael Wright',2594,b'Michael Wright'
2594,b'Michael Wright',2593,b'Michael Wright'
2595,b'Jonathon and Amy Hubbard',2596,b'Jonathon and Amy Hubbard'
2596,b'Jonathon and Amy Hubbard',2595,b'Jonathon and Amy Hubbard'
2597,b'Glenda Blackburn',2598,b'Glenda Blackburn'
2598,b'Glenda Blackburn',2597,b'Glenda Blackburn'
2599,b'Jennifer Mejia',2600,b'Jennifer Mejia'
2600,b'Jennifer Mejia',2599,b'Jennifer Mejia'
2601,b'Carol Hicks',2602,b'Carol Hicks'
2602,b'Carol Hicks',2601,b'Carol Hicks'
2603,b'Willie Mora',2604,b'Willie Mora'
2604,b'Willie Mora',2603,b'Willie Mora'
2605,b'Timothy and Alexandra Jones',2606,b'Timothy and Alexandra Jones'
2606,b'Timothy and Alexandra Jones',2605,b'Timothy and Alexandra Jones'
2607,b'Anne Dickerson',2608,b'Anne Dickerson'
2608,b'Anne Dickerson',2607,b'Anne Dickerson'
2609,b'Dylan Ho',695,b'Dylan Holmes'
2609,b'Dylan Ho',2610,b'Dylan Ho'
2610,b'Dylan Ho',695,b'Dylan Holmes'
2610,b'Dylan Ho',2609,b'Dylan Ho'
2611,b'Joshua Carlson',2612,b'Joshua Carlson'
2612,b'Joshua Carlson',2611,b'Joshua Carlson'
2613,b'Elizabeth and Danny Jackson',2614,b'Danny and Elizabeth Jackson'
2614,b'Danny and Elizabeth Jackson',2613,b'Elizabeth and Danny Jackson'
2615,b'Michelle and Jennifer Marquez',2616,b'Jennifer and Michelle Marquez'
2616,b'Jennifer and Michelle Marquez',2615,b'Michelle and Jennifer Marquez'
2617,b'Stacey Kelly',2618,b'Stacey Kelly'
2618,b'Stacey Kelly',2617,b'Stacey Kelly'
2619,b'Nicholas Harrison',2620,b'Nicholas Harrison'
2620,b'Nicholas Harrison',2619,b'Nicholas Harrison'
2621,b'Douglas Davis',2622,b'Douglas Davis'
2622,b'Douglas Davis',2621,b'Douglas Davis'
2623,b'Sharon Hardy',2624,b'Sharon Hardy'
2624,b'Sharon Hardy',2623,b'Sharon Hardy'
2625,b'Tammy Hurley',2626,b'Tammy Hurley'
2626,b'Tammy Hurley',2625,b'Tammy Hurley'
2627,b'Anthony Burns',2628,b'Anthony Burns'
2628,b'Anthony Burns',2627,b'Anthony Burns'
2629,b'Mark Williamson',876,b'Mark Williams'
2629,b'Mark Williamson',1980,b'Mark Williams'
2629,b'Mark Williamson',2630,b'Mark Williamson'
2630,b'Mark Williamson',876,b'Mark Williams'
2630,b'Mark Williamson',1980,b'Mark Williams'
2630,b'Mark Williamson',2629,b'Mark Williamson'
2631,b'Adriana and Breanna Austin',2632,b'Adriana and Breanna Austin'
2632,b'Adriana and Breanna Austin',2631,b'Adriana and Breanna Austin'
2633,b'Wesley and Darren Snyder',2634,b'Darren and Wesley Snyder'
2634,b'Darren and Wesley Snyder',2633,b'Wesley and Darren Snyder'
2635,b'Tammy Peters',2636,b'Tammy Peters'
2636,b'Tammy Peters',2635,b'Tammy Peters'
2637,b'Sean and Anthony Gill',2638,b'Sean and Anthony Gill'
2638,b'Sean and Anthony Gill',2637,b'Sean and Anthony Gill'
2639,b'Corey Lewis',2640,b'Corey Lewis'
2640,b'Corey Lewis',2639,b'Corey Lewis'
2641,b'Dustin and Daniel Green',2642,b'Dustin and Daniel Green'
2642,b'Dustin and Daniel Green',2641,b'Dustin and Daniel Green'
2643,b'Jeffrey Everett',2644,b'Jeffrey Everett'
2644,b'Jeffrey Everett',2643,b'Jeffrey Everett'
2645,b'Sarah Nunez',2646,b'Sarah Nunez'
2646,b'Sarah Nunez',2645,b'Sarah Nunez'
2647,b'Eric Parker',1563,b'Eric Parker'
2647,b'Eric Parker',2648,b'Eric Parker'
2648,b'Eric Parker',1563,b'Eric Parker'
2648,b'Eric Parker',2647,b'Eric Parker'
2649,b'Ellen Wagner',2650,b'Ellen Wagner'
2650,b'Ellen Wagner',2649,b'Ellen Wagner'
2651,b'Shawna Lowery',2652,b'Shawna Lowery'
2652,b'Shawna Lowery',2651,b'Shawna Lowery'
2655,b'Robert Buck',2656,b'Robert Buck'
2656,b'Robert Buck',2655,b'Robert Buck'
2657,b'Michael Armstrong',2658,b'Michael Armstrong'
2658,b'Michael Armstrong',2657,b'Michael Armstrong'
2659,b'Angela Carroll',2660,b'Angela Carroll'
2660,b'Angela Carroll',2659,b'Angela Carroll'
2661,b'Pamela Lee',2662,b'Pamela Lee'
2662,b'Pamela Lee',2661,b'Pamela Lee'
2663,b'Matthew and Anthony Ramirez',2664,b'Matthew and Anthony Ramirez'
2664,b'Matthew and Anthony Ramirez',2663,b'Matthew and Anthony Ramirez'
2665,b'Michael and Emma Moon',2666,b'Michael and Emma Moon'
2666,b'Michael and Emma Moon',2665,b'Michael and Emma Moon'
2667,b'Donald Parker',332,b'Donald Parker'
2667,b'Donald Parker',2668,b'Donald Parker'
2668,b'Donald Parker',332,b'Donald Parker'
2668,b'Donald Parker',2667,b'Donald Parker'
2669,b'Tammy Hernandez',1577,b'Amy Hernandez'
2669,b'Tammy Hernandez',1742,b'Amy Hernandez'
2669,b'Tammy Hernandez',2523,b'Tammy Fernandez'
2669,b'Tammy Hernandez',2524,b'Tammy Fernandez'
2669,b'Tammy Hernandez',2670,b'Tammy Hernandez'
2670,b'Tammy Hernandez',1577,b'Amy Hernandez'
2670,b'Tammy Hernandez',1742,b'Amy Hernandez'
2670,b'Tammy Hernandez',2523,b'Tammy Fernandez'
2670,b'Tammy Hernandez',2524,b'Tammy Fernandez'
2670,b'Tammy Hernandez',2669,b'Tammy Hernandez'
2671,b'Joseph Thompson',583,b'Joseph Thomas'
2671,b'Joseph Thompson',2672,b'Joseph Thompson'
2672,b'Joseph Thompson',583,b'Joseph Thomas'
2672,b'Joseph Thompson',2671,b'Joseph Thompson'
2673,b'Brendan and David Gallegos',2674,b'Brendan and David Gallegos'
2674,b'Brendan and David Gallegos',2673,b'Brendan and David Gallegos'
2675,b'Brett and Zachary Smith',2676,b'Brett and Zachary Smith'
2676,b'Brett and Zachary Smith',2675,b'Brett and Zachary Smith'
2677,b'Edward and Jared Page',2678,b'Edward and Jared Page'
2678,b'Edward and Jared Page',2677,b'Edward and Jared Page'
2679,b'Alexandra Grant',2680,b'Alexandra Grant'
2680,b'Alexandra Grant',2679,b'Alexandra Grant'
2681,b'Amy Roberts',2682,b'Amy Roberts'
2682,b'Amy Roberts',2681,b'Amy Roberts'
2683,b'Matthew and Lori Scott',2684,b'Lori and Matthew Scott'
2684,b'Lori and Matthew Scott',2683,b'Matthew and Lori Scott'
2685,b'Jack Velasquez',2686,b'Jack Velasquez'
2686,b'Jack Velasquez',2685,b'Jack Velasquez'
2687,b'Christopher Reed',2688,b'Christopher Reed'
2688,b'Christopher Reed',2687,b'Christopher Reed'
2689,b'Megan Horne',2690,b'Megan Horne'
2690,b'Megan Horne',2689,b'Megan Horne'
2691,b'Beth Murrvy',2692,b'Beth Murray'
2692,b'Beth Murray',2691,b'Beth Murrvy'
2693,b'Crystal Lamb',2694,b'Crystal Lamb'
2694,b'Crystal Lamb',2693,b'Crystal Lamb'
2695,b'Catherine Coffey',2696,b'Catherine Coffey'
2696,b'Catherine Coffey',2695,b'Catherine Coffey'
2697,b'Wesley Boone',2698,b'Wesley Boone'
2698,b'Wesley Boone',2697,b'Wesley Boone'
2699,b'Tracie Cooley',2700,b'Tracie Cooley'
2700,b'Tracie Cooley',2699,b'Tracie Cooley'
2701,b'Cameron Smith',2702,b'Cameron Smith'
2702,b'Cameron Smith',2701,b'Cameron Smith'
2703,b'Trevor and Joshua Green',2704,b'Trevor and Joshua Green'
2704,b'Trevor and Joshua Green',2703,b'Trevor and Joshua Green'
2705,b'Kelly Lynn',2706,b'Kelly Lynn'
2706,b'Kelly Lynn',2705,b'Kelly Lynn'
2707,b'Laurie Avery',2708,b'Laurie Avery'
2708,b'Laurie Avery',2707,b'Laurie Avery'
2709,b'Melinda Johnson',2710,b'Melinda Johnson'
2710,b'Melinda Johnson',2709,b'Melinda Johnson'
2711,b'George and Erin Weiss',2712,b'George and Erin Weiss'
2712,b'George and Erin Weiss',2711,b'George and Erin Weiss'
2713,b'Tina Campos',2714,b'Tina Campos'
2714,b'Tina Campos',2713,b'Tina Campos'
2715,b'Jennifer Wagner',2716,b'Jennifer Wagner'
2716,b'Jennifer Wagner',2715,b'Jennifer Wagner'
2717,b'Duane Love',2718,b'Duane Love'
2718,b'Duane Love',2717,b'Duane Love'
2719,b'John Morris',2720,b'John Morris'
2720,b'John Morris',2719,b'John Morris'
2721,b'Patrick George',2722,b'Patrick George'
2722,b'Patrick George',2721,b'Patrick George'
2723,b'Sarah Hamilton',1641,b'Sarah Hamilton'
2723,b'Sarah Hamilton',2724,b'Sarah Hamilton'
2724,b'Sarah Hamilton',1641,b'Sarah Hamilton'
2724,b'Sarah Hamilton',2723,b'Sarah Hamilton'
2725,b'Morgan Moody',2726,b'Morgan Moody'
2726,b'Morgan Moody',2725,b'Morgan Moody'
2727,b'Philip and Jason Green',2728,b'Jason and Philip Green'
2728,b'Jason and Philip Green',2727,b'Philip and Jason Green'
2729,b'Mary Campos',2730,b'Mary Campos'
2730,b'Mary Campos',2729,b'Mary Campos'
2731,b'Clayton Lang',2732,b'Clayton Lang'
2732,b'Clayton Lang',2731,b'Clayton Lang'
2733,b'Katherine Ramirez',2734,b'Katherine Ramirez'
2734,b'Katherine Ramirez',2733,b'Katherine Ramirez'
2735,b'David Cruz',2736,b'David Cruz'
2736,b'David Cruz',2735,b'David Cruz'
2737,b'Linda Grant',2738,b'Linda Grant'
2738,b'Linda Grant',2737,b'Linda Grant'
2739,b'Natalie and April Martin',2740,b'April and Natalie Martin'
2740,b'April and Natalie Martin',2739,b'Natalie and April Martin'
2741,b'Lawrence Ramsey',2742,b'Lawrence Ramsey'
2742,b'Lawrence Ramsey',2741,b'Lawrence Ramsey'
2743,b'Lisa Floyd',2744,b'Lisa Floyd'
2744,b'Lisa Floyd',2743,b'Lisa Floyd'
2745,b'Robert Peters',2746,b'Robert Peters'
2746,b'Robert Peters',2745,b'Robert Peters'
2747,b'Eric and Brooke Cummings',2748,b'Eric and Brooke Cummings'
2748,b'Eric and Brooke Cummings',2747,b'Eric and Brooke Cummings'
2749,b'David Brown',2750,b'David Brown'
2750,b'David Brown',2749,b'David Brown'
2751,b'Penny Garcia',2752,b'Penny Garcia'
2752,b'Penny Garcia',2751,b'Penny Garcia'
2753,b'Vincent Butler',2754,b'Vincent Butler'
2754,b'Vincent Butler',2753,b'Vincent Butler'
2755,b'Jessica Jackson',2756,b'Jessica Jackson'
2756,b'Jessica Jackson',2755,b'Jessica Jackson'
2757,b'Jillian Johnson',2758,b'Jillian Johnson'
2758,b'Jillian Johnson',2757,b'Jillian Johnson'
2759,b'Ashley Washington',2760,b'Ashley Washington'
2760,b'Ashley Washington',2759,b'Ashley Washington'
2761,b'Sarah Vang',2762,b'Sarah Vang'
2762,b'Sarah Vang',2761,b'Sarah Vang'
2763,b'Brian Young',2207,b'Briana Young'
2763,b'Brian Young',2208,b'Briana Young'
2763,b'Brian Young',2764,b'Brian Young'
2764,b'Brian Young',2207,b'Briana Young'
2764,b'Brian Young',2208,b'Briana Young'
2764,b'Brian Young',2763,b'Brian Young'
2765,b'Jeffrey and Nicholas Stevens',2766,b'Jeffrey and Nicholas Stevens'
2766,b'Jeffrey and Nicholas Stevens',2765,b'Jeffrey and Nicholas Stevens'
2767,b'Jluie Mcintosh',2768,b'Julie Mcintosh'
2768,b'Julie Mcintosh',2767,b'Jluie Mcintosh'
2769,b'Matthew and Kelly Randall',2770,b'Matthew and Kelly Randall'
2770,b'Matthew and Kelly Randall',2769,b'Matthew and Kelly Randall'
2771,b'Emily Hanna',2772,b'Emily Hanna'
2772,b'Emily Hanna',2771,b'Emily Hanna'
2773,b'Julie Wallace',2774,b'Julie Wallace'
2774,b'Julie Wallace',2773,b'Julie Wallace'
2775,b'Michael Parker',2776,b'Michael Parker'
2776,b'Michael Parker',2775,b'Michael Parker'
2777,b'Jospeh Robinson',2778,b'Joseph Robinson'
2778,b'Joseph Robinson',2777,b'Jospeh Robinson'
2779,b'Mary and Theodore Elliott',2780,b'Mary and Theodore Elliott'
2780,b'Mary and Theodore Elliott',2779,b'Mary and Theodore Elliott'
2781,b'Joshua Stewart',2782,b'Joshua Stewart'
2782,b'Joshua Stewart',2781,b'Joshua Stewart'
2783,b'Jessica Burgess',2784,b'Jessica Burgess'
2784,b'Jessica Burgess',2783,b'Jessica Burgess'
2785,b'Derek and Amy Ponce',2786,b'Derek and Amy Ponce'
2786,b'Derek and Amy Ponce',2785,b'Derek and Amy Ponce'
2787,b'Ryan Rice',2788,b'Ryan Rice'
2788,b'Ryan Rice',2787,b'Ryan Rice'
2789,b'Cindy Phillips',2790,b'Cindy Phillips'
2790,b'Cindy Phillips',2789,b'Cindy Phillips'
2791,b'Danny Peterson',2792,b'Danny Peterson'
2792,b'Danny Peterson',2791,b'Danny Peterson'
2793,b'Howard Rodriguez',2794,b'Howard Rodriguez'
2794,b'Howard Rodriguez',2793,b'Howard Rodriguez'
2795,b'Jessica Ross',2796,b'Jessica Ross'
2796,b'Jessica Ross',2795,b'Jessica Ross'
2797,b'Vickie Patel',2798,b'Vickie Patel'
2798,b'Vickie Patel',2797,b'Vickie Patel'
2799,b'Louis and Jacqueline Davis',2800,b'Louis and Jacqueline Davis'
2800,b'Louis and Jacqueline Davis',2799,b'Louis and Jacqueline Davis'
2801,b'Sharon Fereman',2802,b'Sharon Freeman'
2802,b'Sharon Freeman',2801,b'Sharon Fereman'
2803,b'Nathan Thompson',2804,b'Nathan Thompson'
2804,b'Nathan Thompson',2803,b'Nathan Thompson'
2805,b'Eric Berry',2806,b'Eric Berry'
2806,b'Eric Berry',2805,b'Eric Berry'
2807,b'Linda and Lauren Jordan',2808,b'Linda and Lauren Jordan'
2808,b'Linda and Lauren Jordan',2807,b'Linda and Lauren Jordan'
2809,b'Jennifer Wilson',2810,b'Jennifer Wilson'
2810,b'Jennifer Wilson',2809,b'Jennifer Wilson'
2811,b'William Garcia',1186,b'William Garcia'
2811,b'William Garcia',2812,b'William Garcia'
2812,b'William Garcia',1186,b'William Garcia'
2812,b'William Garcia',2811,b'William Garcia'
2813,b'Brandon Friedman',2814,b'Brandon Friedman'
2814,b'Brandon Friedman',2813,b'Brandon Friedman'
2815,b'Douglas Rhodes',2816,b'Douglas Rhodes'
2816,b'Douglas Rhodes',2815,b'Douglas Rhodes'
2817,b'Lucas Rowland',2818,b'Lucas Rowland'
2818,b'Lucas Rowland',2817,b'Lucas Rowland'
2819,b'Brian Holmes',2820,b'Brian Holmes'
2820,b'Brian Holmes',2819,b'Brian Holmes'
2821,b'Pamela Walls',2822,b'Pamela Walls'
2822,b'Pamela Walls',2821,b'Pamela Walls'
2823,b'Tyler Williams',2824,b'Tyler Williams'
2824,b'Tyler Williams',2823,b'Tyler Williams'
2825,b'Jessica Hayes',2826,b'Jessica Hayes'
2826,b'Jessica Hayes',2825,b'Jessica Hayes'
2827,b'Dawn Davis',2828,b'Dawn Davis'
2828,b'Dawn Davis',2827,b'Dawn Davis'
2829,b'Thomas James',2830,b'Thomas James'
2830,b'Thomas James',2829,b'Thomas James'
2831,b'Ahsley Sutton',2832,b'Ashley Sutton'
2832,b'Ashley Sutton',2831,b'Ahsley Sutton'
2833,b'Robert Guerrero',2834,b'Robert Guerrero'
2834,b'Robert Guerrero',2833,b'Robert Guerrero'
2835,b'Christopher Taylor',2836,b'Christopher Taylor'
2836,b'Christopher Taylor',2835,b'Christopher Taylor'
2837,b'David Olsen',2838,b'David Olsen'
2838,b'David Olsen',2837,b'David Olsen'
2839,b'Ricardo Carlson',2840,b'Ricardo Carlson'
2840,b'Ricardo Carlson',2839,b'Ricardo Carlson'
2841,b'Amanda Stanley',2842,b'Amanda Stanley'
2842,b'Amanda Stanley',2841,b'Amanda Stanley'
2843,b'William Bond',2844,b'William Bond'
2844,b'William Bond',2843,b'William Bond'
2845,b'Laura Peterson',2846,b'Laura Peterson'
2846,b'Laura Peterson',2845,b'Laura Peterson'
2847,b'Christohper Cox',2848,b'Christopher Cox'
2848,b'Christopher Cox',599,b'Christopher Chang'
2848,b'Christopher Cox',1024,b'Christopher Clark'
2848,b'Christopher Cox',2847,b'Christohper Cox'
2849,b'Brandon Wallace',2850,b'Brandon Wallace'
2850,b'Brandon Wallace',2849,b'Brandon Wallace'
2851,b'Jonathan Baldwin',2852,b'Jonathan Baldwin'
2852,b'Jonathan Baldwin',2851,b'Jonathan Baldwin'
2853,b'Rebecca Cobrera',2854,b'Rebecca Cabrera'
2854,b'Rebecca Cabrera',2853,b'Rebecca Cobrera'
2855,b'Erik Wade',2856,b'Erik Wade'
2856,b'Erik Wade',2855,b'Erik Wade'
2857,b'Joshua James',2858,b'Joshua James'
2858,b'Joshua James',2857,b'Joshua James'
2859,b'Jennfier Ramirez',2860,b'Jennifer Ramirez'
2860,b'Jennifer Ramirez',2859,b'Jennfier Ramirez'
2861,b'Christian Summers',2862,b'Christian Summers'
2862,b'Christian Summers',2861,b'Christian Summers'
2863,b'Stephen Reynolds',2864,b'Stephen Reynolds'
2864,b'Stephen Reynolds',2863,b'Stephen Reynolds'
2865,b'Andrew Dunn',2866,b'Andrew Dunn'
2866,b'Andrew Dunn',2865,b'Andrew Dunn'
2867,b'Kristen Todd',2868,b'Kristen Todd'
2868,b'Kristen Todd',2867,b'Kristen Todd'
2869,b'Erika Davenport',2870,b'Erika Davenport'
2870,b'Erika Davenport',2869,b'Erika Davenport'
2871,b'Christine Griffith',2872,b'Christine Griffith'
2872,b'Christine Griffith',2871,b'Christine Griffith'
2873,b'Bryan and Marissa Silva',2874,b'Bryan and Marissa Silva'
2874,b'Bryan and Marissa Silva',2873,b'Bryan and Marissa Silva'
2875,b'Lisa Peters',2876,b'Lisa Peters'
2876,b'Lisa Peters',2875,b'Lisa Peters'
2877,b'Brian Martinez',2878,b'Brian Martinez'
2878,b'Brian Martinez',2877,b'Brian Martinez'
2879,b'Robert Breger',2880,b'Robert Berger'
2880,b'Robert Berger',2879,b'Robert Breger'
2881,b'Samantha and Ashley Joyce',2882,b'Samantha and Ashley Joyce'
2882,b'Samantha and Ashley Joyce',2881,b'Samantha and Ashley Joyce'
2883,b'Heather and Jason Copeland',2884,b'Heather and Jason Copeland'
2884,b'Heather and Jason Copeland',2883,b'Heather and Jason Copeland'
2885,b'Logan and Jesse Kirby',2886,b'Logan and Jesse Kirby'
2886,b'Logan and Jesse Kirby',2885,b'Logan and Jesse Kirby'
2887,b'Michelle Gutierrez',2888,b'Michelle Gutierrez'
2888,b'Michelle Gutierrez',2887,b'Michelle Gutierrez'
2889,b'Matthew Howard',996,b'Matthew Howard'
2889,b'Matthew Howard',2890,b'Matthew Howard'
2890,b'Matthew Howard',996,b'Matthew Howard'
2890,b'Matthew Howard',2889,b'Matthew Howard'
2891,b'Erin and Susan Cisneros',2892,b'Erin and Susan Cisneros'
2892,b'Erin and Susan Cisneros',2891,b'Erin and Susan Cisneros'
2893,b'Kristen and Lindsay Brown',2894,b'Lindsay and Kristen Brown'
2894,b'Lindsay and Kristen Brown',2893,b'Kristen and Lindsay Brown'
2895,b'Keith Campbell',2896,b'Keith Campbell'
2896,b'Keith Campbell',2895,b'Keith Campbell'
2897,b'Elizabeth Bruce',2898,b'Elizabeth Bruce'
2898,b'Elizabeth Bruce',2897,b'Elizabeth Bruce'
2899,b'Jessica Sims',2900,b'Jessica Sims'
2900,b'Jessica Sims',2899,b'Jessica Sims'
2901,b'Megan Jones',2902,b'Megan Jones'
2902,b'Megan Jones',2901,b'Megan Jones'
2903,b'Michael Cortez',2904,b'Michael Cortez'
2904,b'Michael Cortez',2903,b'Michael Cortez'
2905,b'Stephanie Ryan',2906,b'Stephanie Ryan'
2906,b'Stephanie Ryan',2905,b'Stephanie Ryan'
2907,b'Adam Warren',2908,b'Adam Warren'
2908,b'Adam Warren',2907,b'Adam Warren'
2909,b'Nathan Carter',2910,b'Nathan Carter'
2910,b'Nathan Carter',2909,b'Nathan Carter'
2911,b'Kristina Campbell',2912,b'Kristina Campbell'
2912,b'Kristina Campbell',2911,b'Kristina Campbell'
2913,b'Kristopher Sanders',2914,b'Kristopher Sanders'
2914,b'Kristopher Sanders',2913,b'Kristopher Sanders'
2915,b'Jeffrey Martin',2916,b'Jeffrey Martin'
2916,b'Jeffrey Martin',2915,b'Jeffrey Martin'
2917,b'Megan Sosa',2918,b'Megan Sosa'
2918,b'Megan Sosa',2917,b'Megan Sosa'
2919,b'Lance and Megan Gentry',2920,b'Lance and Megan Gentry'
2920,b'Lance and Megan Gentry',2919,b'Lance and Megan Gentry'
2921,b'Catherine West',2922,b'Catherine West'
2922,b'Catherine West',2921,b'Catherine West'
2923,b'Mallory Chase',2924,b'Mallory Chase'
2924,b'Mallory Chase',2923,b'Mallory Chase'
2925,b'Veronica Santiago',2926,b'Veronica Santiago'
2926,b'Veronica Santiago',2925,b'Veronica Santiago'
2927,b'Lisa Kaiser',2928,b'Lisa Kaiser'
2928,b'Lisa Kaiser',2927,b'Lisa Kaiser'
2929,b'Elizabeth and William Brown',2930,b'Elizabeth and William Brown'
2930,b'Elizabeth and William Brown',2929,b'Elizabeth and William Brown'
2931,b'Destiny Mullins',2932,b'Destiny Mullins'
2932,b'Destiny Mullins',2931,b'Destiny Mullins'
2933,b'Jeffrey Hamilton',2934,b'Jeffrey Hamilton'
2934,b'Jeffrey Hamilton',2933,b'Jeffrey Hamilton'
2937,b'Christina Jones',2938,b'Christina Jones'
2938,b'Christina Jones',2937,b'Christina Jones'
2939,b'Benjamin Cooke',2940,b'Benjamin Cooke'
2940,b'Benjamin Cooke',2939,b'Benjamin Cooke'
2941,b'Samantha Goodman',2942,b'Samantha Goodman'
2942,b'Samantha Goodman',2941,b'Samantha Goodman'
2943,b'Anthony Alexander',2944,b'Anthony Alexander'
2944,b'Anthony Alexander',2943,b'Anthony Alexander'
2945,b'John Grant',2946,b'John Grant'
2946,b'John Grant',2945,b'John Grant'
2947,b'Rebecca Daniel',2948,b'Rebecca Daniel'
2948,b'Rebecca Daniel',2947,b'Rebecca Daniel'
2949,b'Robert Coleman',2950,b'Robert Coleman'
2950,b'Robert Coleman',2949,b'Robert Coleman'
2951,b'Rofert Galvan',2952,b'Robert Galvan'
2952,b'Robert Galvan',2951,b'Rofert Galvan'
2953,b'Rachel Bowman',2954,b'Rachel Bowman'
2954,b'Rachel Bowman',2953,b'Rachel Bowman'
2955,b'Kelly Lindsey',2956,b'Kelly Lindsey'
2956,b'Kelly Lindsey',2955,b'Kelly Lindsey'
2957,b'Nicole Obrien',2958,b'Nicole Obrien'
2958,b'Nicole Obrien',2957,b'Nicole Obrien'
2959,b'Jennifer Church',2960,b'Jennifer Church'
2960,b'Jennifer Church',2959,b'Jennifer Church'
2961,b'Jamie Hood',2962,b'Jamie Hood'
2962,b'Jamie Hood',2961,b'Jamie Hood'
2963,b'Jessica Stone',2964,b'Jessica Stone'
2964,b'Jessica Stone',2963,b'Jessica Stone'
2965,b'Lindsey Sullivan',2966,b'Lindsey Sullivan'
2966,b'Lindsey Sullivan',2965,b'Lindsey Sullivan'
2967,b'Lauren Kim',2968,b'Lauren Kim'
2968,b'Lauren Kim',2967,b'Lauren Kim'
2969,b'Charles Brown',2970,b'Charles Brown'
2970,b'Charles Brown',2969,b'Charles Brown'
2971,b'Devin Woods',2972,b'Devin Woods'
2972,b'Devin Woods',2971,b'Devin Woods'
2973,b'Michelle Holden',677,b'Michelle Holmes'
2973,b'Michelle Holden',2974,b'Michelle Holden'
2974,b'Michelle Holden',677,b'Michelle Holmes'
2974,b'Michelle Holden',2973,b'Michelle Holden'
2977,b'Danielle Johnson',2978,b'Danielle Johnson'
2978,b'Danielle Johnson',2977,b'Danielle Johnson'
2979,b'William Armstrong',2980,b'William Armstrong'
2980,b'William Armstrong',2979,b'William Armstrong'
2981,b'Kevin Mitchell',2982,b'Kevin Mitchell'
2982,b'Kevin Mitchell',2981,b'Kevin Mitchell'
2983,b'Jennifer and Allison Miller',2984,b'Jennifer and Allison Miller'
2984,b'Jennifer and Allison Miller',2983,b'Jennifer and Allison Miller'
2985,b'David Oneill',2986,b'David Oneill'
2986,b'David Oneill',2985,b'David Oneill'
2987,b'Melissa Wright',2988,b'Melissa Wright'
2988,b'Melissa Wright',2987,b'Melissa Wright'
2989,b'Gregory and Christopher Johnson',1157,b'Christopher Johnson'
2989,b'Gregory and Christopher Johnson',1924,b'Christopher Johnson'
2989,b'Gregory and Christopher Johnson',2990,b'Gregory and Christopher Johnson'
2990,b'Gregory and Christopher Johnson',1157,b'Christopher Johnson'
2990,b'Gregory and Christopher Johnson',1924,b'Christopher Johnson'
2990,b'Gregory and Christopher Johnson',2989,b'Gregory and Christopher Johnson'
2991,b'Charles and Paula Thompson',2992,b'Charles and Paula Thompson'
2992,b'Charles and Paula Thompson',2991,b'Charles and Paula Thompson'
2993,b'Joshua Taylor',2994,b'Joshua Taylor'
2994,b'Joshua Taylor',2993,b'Joshua Taylor'
2995,b'Crystal and Richard Robinson',2996,b'Richard and Crystal Robinson'
2996,b'Richard and Crystal Robinson',2995,b'Crystal and Richard Robinson'
2997,b'Jessica Lopez',2998,b'Jessica Lopez'
2998,b'Jessica Lopez',2997,b'Jessica Lopez'
2999,b'Jeffrey and Pamela Carpenter',3000,b'Pamela and Jeffrey Carpenter'
3000,b'Pamela and Jeffrey Carpenter',2999,b'Jeffrey and Pamela Carpenter'
